Metric,Value
MSE,0.4803997305586074
MAE,0.5264312342568284
RMSE,0.6931087436749066
Overall_Accuracy,0.71
Test_Samples,300.0
